player_name,market,line,odds_over,odds_under,game_date,team_abbr,opp_abbr,book
2544,PTS,,,,2025-12-13,LAL,,
2544,REB,,,,2025-12-13,LAL,,
2544,AST,,,,2025-12-13,LAL,,
2544,FG3M,,,,2025-12-13,LAL,,
2544,PRA,,,,2025-12-13,LAL,,
201142,PTS,,,,2025-12-13,HOU,,
201142,REB,,,,2025-12-13,HOU,,
201142,AST,,,,2025-12-13,HOU,,
201142,FG3M,,,,2025-12-13,HOU,,
201142,PRA,,,,2025-12-13,HOU,,
201566,PTS,,,,2025-12-13,SAC,,
201566,REB,,,,2025-12-13,SAC,,
201566,AST,,,,2025-12-13,SAC,,
201566,FG3M,,,,2025-12-13,SAC,,
201566,PRA,,,,2025-12-13,SAC,,
201935,PTS,,,,2025-12-13,LAC,,
201935,REB,,,,2025-12-13,LAC,,
201935,AST,,,,2025-12-13,LAC,,
201935,FG3M,,,,2025-12-13,LAC,,
201935,PRA,,,,2025-12-13,LAC,,
201939,PTS,,,,2025-12-13,GSW,,
201939,REB,,,,2025-12-13,GSW,,
201939,AST,,,,2025-12-13,GSW,,
201939,FG3M,,,,2025-12-13,GSW,,
201939,PRA,,,,2025-12-13,GSW,,
201942,PTS,,,,2025-12-13,SAC,,
201942,REB,,,,2025-12-13,SAC,,
201942,AST,,,,2025-12-13,SAC,,
201942,FG3M,,,,2025-12-13,SAC,,
201942,PRA,,,,2025-12-13,SAC,,
201950,PTS,,,,2025-12-13,POR,,
201950,REB,,,,2025-12-13,POR,,
201950,AST,,,,2025-12-13,POR,,
201950,FG3M,,,,2025-12-13,POR,,
201950,PRA,,,,2025-12-13,POR,,
202331,PTS,,,,2025-12-13,PHI,,
202331,REB,,,,2025-12-13,PHI,,
202331,AST,,,,2025-12-13,PHI,,
202331,FG3M,,,,2025-12-13,PHI,,
202331,PRA,,,,2025-12-13,PHI,,
202695,PTS,,,,2025-12-13,LAC,,
202695,REB,,,,2025-12-13,LAC,,
202695,AST,,,,2025-12-13,LAC,,
202695,FG3M,,,,2025-12-13,LAC,,
202695,PRA,,,,2025-12-13,LAC,,
202696,PTS,,,,2025-12-13,CHI,,
202696,REB,,,,2025-12-13,CHI,,
202696,AST,,,,2025-12-13,CHI,,
202696,FG3M,,,,2025-12-13,CHI,,
202696,PRA,,,,2025-12-13,CHI,,
202699,PTS,,,,2025-12-13,DET,,
202699,REB,,,,2025-12-13,DET,,
202699,AST,,,,2025-12-13,DET,,
202699,FG3M,,,,2025-12-13,DET,,
202699,PRA,,,,2025-12-13,DET,,
202710,PTS,,,,2025-12-13,GSW,,
202710,REB,,,,2025-12-13,GSW,,
202710,AST,,,,2025-12-13,GSW,,
202710,FG3M,,,,2025-12-13,GSW,,
202710,PRA,,,,2025-12-13,GSW,,
203076,PTS,,,,2025-12-13,DAL,,
203076,REB,,,,2025-12-13,DAL,,
203076,AST,,,,2025-12-13,DAL,,
203076,FG3M,,,,2025-12-13,DAL,,
203076,PRA,,,,2025-12-13,DAL,,
203084,PTS,,,,2025-12-13,SAS,,
203084,REB,,,,2025-12-13,SAS,,
203084,AST,,,,2025-12-13,SAS,,
203084,FG3M,,,,2025-12-13,SAS,,
203084,PRA,,,,2025-12-13,SAS,,
203110,PTS,,,,2025-12-13,GSW,,
203110,REB,,,,2025-12-13,GSW,,
203110,AST,,,,2025-12-13,GSW,,
203110,FG3M,,,,2025-12-13,GSW,,
203110,PRA,,,,2025-12-13,GSW,,
203114,PTS,,,,2025-12-13,WAS,,
203114,REB,,,,2025-12-13,WAS,,
203114,AST,,,,2025-12-13,WAS,,
203114,FG3M,,,,2025-12-13,WAS,,
203114,PRA,,,,2025-12-13,WAS,,
203468,PTS,,,,2025-12-13,WAS,,
203468,REB,,,,2025-12-13,WAS,,
203468,AST,,,,2025-12-13,WAS,,
203468,FG3M,,,,2025-12-13,WAS,,
203468,PRA,,,,2025-12-13,WAS,,
203471,PTS,,,,2025-12-13,SAC,,
203471,REB,,,,2025-12-13,SAC,,
203471,AST,,,,2025-12-13,SAC,,
203471,FG3M,,,,2025-12-13,SAC,,
203471,PRA,,,,2025-12-13,SAC,,
203497,PTS,,,,2025-12-13,MIN,,
203497,REB,,,,2025-12-13,MIN,,
203497,AST,,,,2025-12-13,MIN,,
203497,FG3M,,,,2025-12-13,MIN,,
203497,PRA,,,,2025-12-13,MIN,,
203507,PTS,,,,2025-12-13,MIL,,
203507,REB,,,,2025-12-13,MIL,,
203507,AST,,,,2025-12-13,MIL,,
203507,FG3M,,,,2025-12-13,MIL,,
203507,PRA,,,,2025-12-13,MIL,,
203897,PTS,,,,2025-12-13,SAC,,
203897,REB,,,,2025-12-13,SAC,,
203897,AST,,,,2025-12-13,SAC,,
203897,FG3M,,,,2025-12-13,SAC,,
203897,PRA,,,,2025-12-13,SAC,,
203924,PTS,,,,2025-12-13,POR,,
203924,REB,,,,2025-12-13,POR,,
203924,AST,,,,2025-12-13,POR,,
203924,FG3M,,,,2025-12-13,POR,,
203924,PRA,,,,2025-12-13,POR,,
203932,PTS,,,,2025-12-13,DEN,,
203932,REB,,,,2025-12-13,DEN,,
203932,AST,,,,2025-12-13,DEN,,
203932,FG3M,,,,2025-12-13,DEN,,
203932,PRA,,,,2025-12-13,DEN,,
203935,PTS,,,,2025-12-13,LAL,,
203935,REB,,,,2025-12-13,LAL,,
203935,AST,,,,2025-12-13,LAL,,
203935,FG3M,,,,2025-12-13,LAL,,
203935,PRA,,,,2025-12-13,LAL,,
203944,PTS,,,,2025-12-13,MIN,,
203944,REB,,,,2025-12-13,MIN,,
203944,AST,,,,2025-12-13,MIN,,
203944,FG3M,,,,2025-12-13,MIN,,
203944,PRA,,,,2025-12-13,MIN,,
203952,PTS,,,,2025-12-13,MIA,,
203952,REB,,,,2025-12-13,MIA,,
203952,AST,,,,2025-12-13,MIA,,
203952,FG3M,,,,2025-12-13,MIA,,
203952,PRA,,,,2025-12-13,MIA,,
203954,PTS,,,,2025-12-13,PHI,,
203954,REB,,,,2025-12-13,PHI,,
203954,AST,,,,2025-12-13,PHI,,
203954,FG3M,,,,2025-12-13,PHI,,
203954,PRA,,,,2025-12-13,PHI,,
203992,PTS,,,,2025-12-13,LAC,,
203992,REB,,,,2025-12-13,LAC,,
203992,AST,,,,2025-12-13,LAC,,
203992,FG3M,,,,2025-12-13,LAC,,
203992,PRA,,,,2025-12-13,LAC,,
203999,PTS,,,,2025-12-13,DEN,,
203999,REB,,,,2025-12-13,DEN,,
203999,AST,,,,2025-12-13,DEN,,
203999,FG3M,,,,2025-12-13,DEN,,
203999,PRA,,,,2025-12-13,DEN,,
204001,PTS,,,,2025-12-13,ATL,,
204001,REB,,,,2025-12-13,ATL,,
204001,AST,,,,2025-12-13,ATL,,
204001,FG3M,,,,2025-12-13,ATL,,
204001,PRA,,,,2025-12-13,ATL,,
1626157,PTS,,,,2025-12-13,NYK,,
1626157,REB,,,,2025-12-13,NYK,,
1626157,AST,,,,2025-12-13,NYK,,
1626157,FG3M,,,,2025-12-13,NYK,,
1626157,PRA,,,,2025-12-13,NYK,,
1626162,PTS,,,,2025-12-13,PHI,,
1626162,REB,,,,2025-12-13,PHI,,
1626162,AST,,,,2025-12-13,PHI,,
1626162,FG3M,,,,2025-12-13,PHI,,
1626162,PRA,,,,2025-12-13,PHI,,
1626164,PTS,,,,2025-12-13,PHX,,
1626164,REB,,,,2025-12-13,PHX,,
1626164,AST,,,,2025-12-13,PHX,,
1626164,FG3M,,,,2025-12-13,PHX,,
1626164,PRA,,,,2025-12-13,PHX,,
1626167,PTS,,,,2025-12-13,MIL,,
1626167,REB,,,,2025-12-13,MIL,,
1626167,AST,,,,2025-12-13,MIL,,
1626167,FG3M,,,,2025-12-13,MIL,,
1626167,PRA,,,,2025-12-13,MIL,,
1626181,PTS,,,,2025-12-13,MIA,,
1626181,REB,,,,2025-12-13,MIA,,
1626181,AST,,,,2025-12-13,MIA,,
1626181,FG3M,,,,2025-12-13,MIA,,
1626181,PRA,,,,2025-12-13,MIA,,
1626220,PTS,,,,2025-12-13,PHX,,
1626220,REB,,,,2025-12-13,PHX,,
1626220,AST,,,,2025-12-13,PHX,,
1626220,FG3M,,,,2025-12-13,PHX,,
1626220,PRA,,,,2025-12-13,PHX,,
1627734,PTS,,,,2025-12-13,SAC,,
1627734,REB,,,,2025-12-13,SAC,,
1627734,AST,,,,2025-12-13,SAC,,
1627734,FG3M,,,,2025-12-13,SAC,,
1627734,PRA,,,,2025-12-13,SAC,,
1627739,PTS,,,,2025-12-13,LAC,,
1627739,REB,,,,2025-12-13,LAC,,
1627739,AST,,,,2025-12-13,LAC,,
1627739,FG3M,,,,2025-12-13,LAC,,
1627739,PRA,,,,2025-12-13,LAC,,
1627742,PTS,,,,2025-12-13,TOR,,
1627742,REB,,,,2025-12-13,TOR,,
1627742,AST,,,,2025-12-13,TOR,,
1627742,FG3M,,,,2025-12-13,TOR,,
1627742,PRA,,,,2025-12-13,TOR,,
1627750,PTS,,,,2025-12-13,DEN,,
1627750,REB,,,,2025-12-13,DEN,,
1627750,AST,,,,2025-12-13,DEN,,
1627750,FG3M,,,,2025-12-13,DEN,,
1627750,PRA,,,,2025-12-13,DEN,,
1627751,PTS,,,,2025-12-13,TOR,,
1627751,REB,,,,2025-12-13,TOR,,
1627751,AST,,,,2025-12-13,TOR,,
1627751,FG3M,,,,2025-12-13,TOR,,
1627751,PRA,,,,2025-12-13,TOR,,
1627759,PTS,,,,2025-12-13,BOS,,
1627759,REB,,,,2025-12-13,BOS,,
1627759,AST,,,,2025-12-13,BOS,,
1627759,FG3M,,,,2025-12-13,BOS,,
1627759,PRA,,,,2025-12-13,BOS,,
1627783,PTS,,,,2025-12-13,IND,,
1627783,REB,,,,2025-12-13,IND,,
1627783,AST,,,,2025-12-13,IND,,
1627783,FG3M,,,,2025-12-13,IND,,
1627783,PRA,,,,2025-12-13,IND,,
1627826,PTS,,,,2025-12-13,LAC,,
1627826,REB,,,,2025-12-13,LAC,,
1627826,AST,,,,2025-12-13,LAC,,
1627826,FG3M,,,,2025-12-13,LAC,,
1627826,PRA,,,,2025-12-13,LAC,,
1628368,PTS,,,,2025-12-13,SAS,,
1628368,REB,,,,2025-12-13,SAS,,
1628368,AST,,,,2025-12-13,SAS,,
1628368,FG3M,,,,2025-12-13,SAS,,
1628368,PRA,,,,2025-12-13,SAS,,
1628374,PTS,,,,2025-12-13,UTA,,
1628374,REB,,,,2025-12-13,UTA,,
1628374,AST,,,,2025-12-13,UTA,,
1628374,FG3M,,,,2025-12-13,UTA,,
1628374,PRA,,,,2025-12-13,UTA,,
1628378,PTS,,,,2025-12-13,CLE,,
1628378,REB,,,,2025-12-13,CLE,,
1628378,AST,,,,2025-12-13,CLE,,
1628378,FG3M,,,,2025-12-13,CLE,,
1628378,PRA,,,,2025-12-13,CLE,,
1628381,PTS,,,,2025-12-13,LAC,,
1628381,REB,,,,2025-12-13,LAC,,
1628381,AST,,,,2025-12-13,LAC,,
1628381,FG3M,,,,2025-12-13,LAC,,
1628381,PRA,,,,2025-12-13,LAC,,
1628384,PTS,,,,2025-12-13,NYK,,
1628384,REB,,,,2025-12-13,NYK,,
1628384,AST,,,,2025-12-13,NYK,,
1628384,FG3M,,,,2025-12-13,NYK,,
1628384,PRA,,,,2025-12-13,NYK,,
1628386,PTS,,,,2025-12-13,CLE,,
1628386,REB,,,,2025-12-13,CLE,,
1628386,AST,,,,2025-12-13,CLE,,
1628386,FG3M,,,,2025-12-13,CLE,,
1628386,PRA,,,,2025-12-13,CLE,,
1628389,PTS,,,,2025-12-13,MIA,,
1628389,REB,,,,2025-12-13,MIA,,
1628389,AST,,,,2025-12-13,MIA,,
1628389,FG3M,,,,2025-12-13,MIA,,
1628389,PRA,,,,2025-12-13,MIA,,
1628392,PTS,,,,2025-12-13,OKC,,
1628392,REB,,,,2025-12-13,OKC,,
1628392,AST,,,,2025-12-13,OKC,,
1628392,FG3M,,,,2025-12-13,OKC,,
1628392,PRA,,,,2025-12-13,OKC,,
1628398,PTS,,,,2025-12-13,MIL,,
1628398,REB,,,,2025-12-13,MIL,,
1628398,AST,,,,2025-12-13,MIL,,
1628398,FG3M,,,,2025-12-13,MIL,,
1628398,PRA,,,,2025-12-13,MIL,,
1628401,PTS,,,,2025-12-13,BOS,,
1628401,REB,,,,2025-12-13,BOS,,
1628401,AST,,,,2025-12-13,BOS,,
1628401,FG3M,,,,2025-12-13,BOS,,
1628401,PRA,,,,2025-12-13,BOS,,
1628404,PTS,,,,2025-12-13,NYK,,
1628404,REB,,,,2025-12-13,NYK,,
1628404,AST,,,,2025-12-13,NYK,,
1628404,FG3M,,,,2025-12-13,NYK,,
1628404,PRA,,,,2025-12-13,NYK,,
1628415,PTS,,,,2025-12-13,PHX,,
1628415,REB,,,,2025-12-13,PHX,,
1628415,AST,,,,2025-12-13,PHX,,
1628415,FG3M,,,,2025-12-13,PHX,,
1628415,PRA,,,,2025-12-13,PHX,,
1628436,PTS,,,,2025-12-13,SAS,,
1628436,REB,,,,2025-12-13,SAS,,
1628436,AST,,,,2025-12-13,SAS,,
1628436,FG3M,,,,2025-12-13,SAS,,
1628436,PRA,,,,2025-12-13,SAS,,
1628960,PTS,,,,2025-12-13,PHX,,
1628960,REB,,,,2025-12-13,PHX,,
1628960,AST,,,,2025-12-13,PHX,,
1628960,FG3M,,,,2025-12-13,PHX,,
1628960,PRA,,,,2025-12-13,PHX,,
1628969,PTS,,,,2025-12-13,NYK,,
1628969,REB,,,,2025-12-13,NYK,,
1628969,AST,,,,2025-12-13,NYK,,
1628969,FG3M,,,,2025-12-13,NYK,,
1628969,PRA,,,,2025-12-13,NYK,,
1628970,PTS,,,,2025-12-13,CHA,,
1628970,REB,,,,2025-12-13,CHA,,
1628970,AST,,,,2025-12-13,CHA,,
1628970,FG3M,,,,2025-12-13,CHA,,
1628970,PRA,,,,2025-12-13,CHA,,
1628973,PTS,,,,2025-12-13,NYK,,
1628973,REB,,,,2025-12-13,NYK,,
1628973,AST,,,,2025-12-13,NYK,,
1628973,FG3M,,,,2025-12-13,NYK,,
1628973,PRA,,,,2025-12-13,NYK,,
1628976,PTS,,,,2025-12-13,ORL,,
1628976,REB,,,,2025-12-13,ORL,,
1628976,AST,,,,2025-12-13,ORL,,
1628976,FG3M,,,,2025-12-13,ORL,,
1628976,PRA,,,,2025-12-13,ORL,,
1628978,PTS,,,,2025-12-13,MIN,,
1628978,REB,,,,2025-12-13,MIN,,
1628978,AST,,,,2025-12-13,MIN,,
1628978,FG3M,,,,2025-12-13,MIN,,
1628978,PRA,,,,2025-12-13,MIN,,
1628983,PTS,,,,2025-12-13,OKC,,
1628983,REB,,,,2025-12-13,OKC,,
1628983,AST,,,,2025-12-13,OKC,,
1628983,FG3M,,,,2025-12-13,OKC,,
1628983,PRA,,,,2025-12-13,OKC,,
1628991,PTS,,,,2025-12-13,MEM,,
1628991,REB,,,,2025-12-13,MEM,,
1628991,AST,,,,2025-12-13,MEM,,
1628991,FG3M,,,,2025-12-13,MEM,,
1628991,PRA,,,,2025-12-13,MEM,,
1629004,PTS,,,,2025-12-13,UTA,,
1629004,REB,,,,2025-12-13,UTA,,
1629004,AST,,,,2025-12-13,UTA,,
1629004,FG3M,,,,2025-12-13,UTA,,
1629004,PRA,,,,2025-12-13,UTA,,
1629008,PTS,,,,2025-12-13,BKN,,
1629008,REB,,,,2025-12-13,BKN,,
1629008,AST,,,,2025-12-13,BKN,,
1629008,FG3M,,,,2025-12-13,BKN,,
1629008,PRA,,,,2025-12-13,BKN,,
1629012,PTS,,,,2025-12-13,CHA,,
1629012,REB,,,,2025-12-13,CHA,,
1629012,AST,,,,2025-12-13,CHA,,
1629012,FG3M,,,,2025-12-13,CHA,,
1629012,PRA,,,,2025-12-13,CHA,,
1629018,PTS,,,,2025-12-13,MIL,,
1629018,REB,,,,2025-12-13,MIL,,
1629018,AST,,,,2025-12-13,MIL,,
1629018,FG3M,,,,2025-12-13,MIL,,
1629018,PRA,,,,2025-12-13,MIL,,
1629023,PTS,,,,2025-12-13,DAL,,
1629023,REB,,,,2025-12-13,DAL,,
1629023,AST,,,,2025-12-13,DAL,,
1629023,FG3M,,,,2025-12-13,DAL,,
1629023,PRA,,,,2025-12-13,DAL,,
1629027,PTS,,,,2025-12-13,ATL,,
1629027,REB,,,,2025-12-13,ATL,,
1629027,AST,,,,2025-12-13,ATL,,
1629027,FG3M,,,,2025-12-13,ATL,,
1629027,PRA,,,,2025-12-13,ATL,,
1629028,PTS,,,,2025-12-13,LAL,,
1629028,REB,,,,2025-12-13,LAL,,
1629028,AST,,,,2025-12-13,LAL,,
1629028,FG3M,,,,2025-12-13,LAL,,
1629028,PRA,,,,2025-12-13,LAL,,
1629029,PTS,,,,2025-12-13,LAL,,
1629029,REB,,,,2025-12-13,LAL,,
1629029,AST,,,,2025-12-13,LAL,,
1629029,FG3M,,,,2025-12-13,LAL,,
1629029,PRA,,,,2025-12-13,LAL,,
1629060,PTS,,,,2025-12-13,LAL,,
1629060,REB,,,,2025-12-13,LAL,,
1629060,AST,,,,2025-12-13,LAL,,
1629060,FG3M,,,,2025-12-13,LAL,,
1629060,PRA,,,,2025-12-13,LAL,,
1629130,PTS,,,,2025-12-13,DET,,
1629130,REB,,,,2025-12-13,DET,,
1629130,AST,,,,2025-12-13,DET,,
1629130,FG3M,,,,2025-12-13,DET,,
1629130,PRA,,,,2025-12-13,DET,,
1629611,PTS,,,,2025-12-13,BKN,,
1629611,REB,,,,2025-12-13,BKN,,
1629611,AST,,,,2025-12-13,BKN,,
1629611,FG3M,,,,2025-12-13,BKN,,
1629611,PRA,,,,2025-12-13,BKN,,
1629614,PTS,,,,2025-12-13,IND,,
1629614,REB,,,,2025-12-13,IND,,
1629614,AST,,,,2025-12-13,IND,,
1629614,FG3M,,,,2025-12-13,IND,,
1629614,PRA,,,,2025-12-13,IND,,
1629627,PTS,,,,2025-12-13,NOP,,
1629627,REB,,,,2025-12-13,NOP,,
1629627,AST,,,,2025-12-13,NOP,,
1629627,FG3M,,,,2025-12-13,NOP,,
1629627,PRA,,,,2025-12-13,NOP,,
1629628,PTS,,,,2025-12-13,TOR,,
1629628,REB,,,,2025-12-13,TOR,,
1629628,AST,,,,2025-12-13,TOR,,
1629628,FG3M,,,,2025-12-13,TOR,,
1629628,PRA,,,,2025-12-13,TOR,,
1629630,PTS,,,,2025-12-13,MEM,,
1629630,REB,,,,2025-12-13,MEM,,
1629630,AST,,,,2025-12-13,MEM,,
1629630,FG3M,,,,2025-12-13,MEM,,
1629630,PRA,,,,2025-12-13,MEM,,
1629631,PTS,,,,2025-12-13,CLE,,
1629631,REB,,,,2025-12-13,CLE,,
1629631,AST,,,,2025-12-13,CLE,,
1629631,FG3M,,,,2025-12-13,CLE,,
1629631,PRA,,,,2025-12-13,CLE,,
1629632,PTS,,,,2025-12-13,CHI,,
1629632,REB,,,,2025-12-13,CHI,,
1629632,AST,,,,2025-12-13,CHI,,
1629632,FG3M,,,,2025-12-13,CHI,,
1629632,PRA,,,,2025-12-13,CHI,,
1629636,PTS,,,,2025-12-13,CLE,,
1629636,REB,,,,2025-12-13,CLE,,
1629636,AST,,,,2025-12-13,CLE,,
1629636,FG3M,,,,2025-12-13,CLE,,
1629636,PRA,,,,2025-12-13,CLE,,
1629638,PTS,,,,2025-12-13,ATL,,
1629638,REB,,,,2025-12-13,ATL,,
1629638,AST,,,,2025-12-13,ATL,,
1629638,FG3M,,,,2025-12-13,ATL,,
1629638,PRA,,,,2025-12-13,ATL,,
1629639,PTS,,,,2025-12-13,MIA,,
1629639,REB,,,,2025-12-13,MIA,,
1629639,AST,,,,2025-12-13,MIA,,
1629639,FG3M,,,,2025-12-13,MIA,,
1629639,PRA,,,,2025-12-13,MIA,,
1629645,PTS,,,,2025-12-13,MIL,,
1629645,REB,,,,2025-12-13,MIL,,
1629645,AST,,,,2025-12-13,MIL,,
1629645,FG3M,,,,2025-12-13,MIL,,
1629645,PRA,,,,2025-12-13,MIL,,
1629651,PTS,,,,2025-12-13,BKN,,
1629651,REB,,,,2025-12-13,BKN,,
1629651,AST,,,,2025-12-13,BKN,,
1629651,FG3M,,,,2025-12-13,BKN,,
1629651,PRA,,,,2025-12-13,BKN,,
1629652,PTS,,,,2025-12-13,OKC,,
1629652,REB,,,,2025-12-13,OKC,,
1629652,AST,,,,2025-12-13,OKC,,
1629652,FG3M,,,,2025-12-13,OKC,,
1629652,PRA,,,,2025-12-13,OKC,,
1629656,PTS,,,,2025-12-13,PHI,,
1629656,REB,,,,2025-12-13,PHI,,
1629656,AST,,,,2025-12-13,PHI,,
1629656,FG3M,,,,2025-12-13,PHI,,
1629656,PRA,,,,2025-12-13,PHI,,
1629661,PTS,,,,2025-12-13,DEN,,
1629661,REB,,,,2025-12-13,DEN,,
1629661,AST,,,,2025-12-13,DEN,,
1629661,FG3M,,,,2025-12-13,DEN,,
1629661,PRA,,,,2025-12-13,DEN,,
1629673,PTS,,,,2025-12-13,NOP,,
1629673,REB,,,,2025-12-13,NOP,,
1629673,AST,,,,2025-12-13,NOP,,
1629673,FG3M,,,,2025-12-13,NOP,,
1629673,PRA,,,,2025-12-13,NOP,,
1629675,PTS,,,,2025-12-13,MIN,,
1629675,REB,,,,2025-12-13,MIN,,
1629675,AST,,,,2025-12-13,MIN,,
1629675,FG3M,,,,2025-12-13,MIN,,
1629675,PRA,,,,2025-12-13,MIN,,
1630162,PTS,,,,2025-12-13,MIN,,
1630162,REB,,,,2025-12-13,MIN,,
1630162,AST,,,,2025-12-13,MIN,,
1630162,FG3M,,,,2025-12-13,MIN,,
1630162,PRA,,,,2025-12-13,MIN,,
1630163,PTS,,,,2025-12-13,CHA,,
1630163,REB,,,,2025-12-13,CHA,,
1630163,AST,,,,2025-12-13,CHA,,
1630163,FG3M,,,,2025-12-13,CHA,,
1630163,PRA,,,,2025-12-13,CHA,,
1630166,PTS,,,,2025-12-13,POR,,
1630166,REB,,,,2025-12-13,POR,,
1630166,AST,,,,2025-12-13,POR,,
1630166,FG3M,,,,2025-12-13,POR,,
1630166,PRA,,,,2025-12-13,POR,,
1630167,PTS,,,,2025-12-13,IND,,
1630167,REB,,,,2025-12-13,IND,,
1630167,AST,,,,2025-12-13,IND,,
1630167,FG3M,,,,2025-12-13,IND,,
1630167,PRA,,,,2025-12-13,IND,,
1630168,PTS,,,,2025-12-13,ATL,,
1630168,REB,,,,2025-12-13,ATL,,
1630168,AST,,,,2025-12-13,ATL,,
1630168,FG3M,,,,2025-12-13,ATL,,
1630168,PRA,,,,2025-12-13,ATL,,
1630170,PTS,,,,2025-12-13,SAS,,
1630170,REB,,,,2025-12-13,SAS,,
1630170,AST,,,,2025-12-13,SAS,,
1630170,FG3M,,,,2025-12-13,SAS,,
1630170,PRA,,,,2025-12-13,SAS,,
1630171,PTS,,,,2025-12-13,CHI,,
1630171,REB,,,,2025-12-13,CHI,,
1630171,AST,,,,2025-12-13,CHI,,
1630171,FG3M,,,,2025-12-13,CHI,,
1630171,PRA,,,,2025-12-13,CHI,,
1630174,PTS,,,,2025-12-13,IND,,
1630174,REB,,,,2025-12-13,IND,,
1630174,AST,,,,2025-12-13,IND,,
1630174,FG3M,,,,2025-12-13,IND,,
1630174,PRA,,,,2025-12-13,IND,,
1630178,PTS,,,,2025-12-13,PHI,,
1630178,REB,,,,2025-12-13,PHI,,
1630178,AST,,,,2025-12-13,PHI,,
1630178,FG3M,,,,2025-12-13,PHI,,
1630178,PRA,,,,2025-12-13,PHI,,
1630180,PTS,,,,2025-12-13,NOP,,
1630180,REB,,,,2025-12-13,NOP,,
1630180,AST,,,,2025-12-13,NOP,,
1630180,FG3M,,,,2025-12-13,NOP,,
1630180,PRA,,,,2025-12-13,NOP,,
1630183,PTS,,,,2025-12-13,MIN,,
1630183,REB,,,,2025-12-13,MIN,,
1630183,AST,,,,2025-12-13,MIN,,
1630183,FG3M,,,,2025-12-13,MIN,,
1630183,PRA,,,,2025-12-13,MIN,,
1630193,PTS,,,,2025-12-13,TOR,,
1630193,REB,,,,2025-12-13,TOR,,
1630193,AST,,,,2025-12-13,TOR,,
1630193,FG3M,,,,2025-12-13,TOR,,
1630193,PRA,,,,2025-12-13,TOR,,
1630200,PTS,,,,2025-12-13,CHI,,
1630200,REB,,,,2025-12-13,CHI,,
1630200,AST,,,,2025-12-13,CHI,,
1630200,FG3M,,,,2025-12-13,CHI,,
1630200,PRA,,,,2025-12-13,CHI,,
1630202,PTS,,,,2025-12-13,BOS,,
1630202,REB,,,,2025-12-13,BOS,,
1630202,AST,,,,2025-12-13,BOS,,
1630202,FG3M,,,,2025-12-13,BOS,,
1630202,PRA,,,,2025-12-13,BOS,,
1630217,PTS,,,,2025-12-13,ORL,,
1630217,REB,,,,2025-12-13,ORL,,
1630217,AST,,,,2025-12-13,ORL,,
1630217,FG3M,,,,2025-12-13,ORL,,
1630217,PRA,,,,2025-12-13,ORL,,
1630228,PTS,,,,2025-12-13,GSW,,
1630228,REB,,,,2025-12-13,GSW,,
1630228,AST,,,,2025-12-13,GSW,,
1630228,FG3M,,,,2025-12-13,GSW,,
1630228,PRA,,,,2025-12-13,GSW,,
1630230,PTS,,,,2025-12-13,DAL,,
1630230,REB,,,,2025-12-13,DAL,,
1630230,AST,,,,2025-12-13,DAL,,
1630230,FG3M,,,,2025-12-13,DAL,,
1630230,PRA,,,,2025-12-13,DAL,,
1630241,PTS,,,,2025-12-13,CLE,,
1630241,REB,,,,2025-12-13,CLE,,
1630241,AST,,,,2025-12-13,CLE,,
1630241,FG3M,,,,2025-12-13,CLE,,
1630241,PRA,,,,2025-12-13,CLE,,
1630245,PTS,,,,2025-12-13,CHI,,
1630245,REB,,,,2025-12-13,CHI,,
1630245,AST,,,,2025-12-13,CHI,,
1630245,FG3M,,,,2025-12-13,CHI,,
1630245,PRA,,,,2025-12-13,CHI,,
1630529,PTS,,,,2025-12-13,NOP,,
1630529,REB,,,,2025-12-13,NOP,,
1630529,AST,,,,2025-12-13,NOP,,
1630529,FG3M,,,,2025-12-13,NOP,,
1630529,PRA,,,,2025-12-13,NOP,,
1630530,PTS,,,,2025-12-13,NOP,,
1630530,REB,,,,2025-12-13,NOP,,
1630530,AST,,,,2025-12-13,NOP,,
1630530,FG3M,,,,2025-12-13,NOP,,
1630530,PRA,,,,2025-12-13,NOP,,
1630532,PTS,,,,2025-12-13,ORL,,
1630532,REB,,,,2025-12-13,ORL,,
1630532,AST,,,,2025-12-13,ORL,,
1630532,FG3M,,,,2025-12-13,ORL,,
1630532,PRA,,,,2025-12-13,ORL,,
1630540,PTS,,,,2025-12-13,NYK,,
1630540,REB,,,,2025-12-13,NYK,,
1630540,AST,,,,2025-12-13,NYK,,
1630540,FG3M,,,,2025-12-13,NYK,,
1630540,PRA,,,,2025-12-13,NYK,,
1630552,PTS,,,,2025-12-13,ATL,,
1630552,REB,,,,2025-12-13,ATL,,
1630552,AST,,,,2025-12-13,ATL,,
1630552,FG3M,,,,2025-12-13,ATL,,
1630552,PRA,,,,2025-12-13,ATL,,
1630558,PTS,,,,2025-12-13,MIA,,
1630558,REB,,,,2025-12-13,MIA,,
1630558,AST,,,,2025-12-13,MIA,,
1630558,FG3M,,,,2025-12-13,MIA,,
1630558,PRA,,,,2025-12-13,MIA,,
1630559,PTS,,,,2025-12-13,LAL,,
1630559,REB,,,,2025-12-13,LAL,,
1630559,AST,,,,2025-12-13,LAL,,
1630559,FG3M,,,,2025-12-13,LAL,,
1630559,PRA,,,,2025-12-13,LAL,,
1630560,PTS,,,,2025-12-13,BKN,,
1630560,REB,,,,2025-12-13,BKN,,
1630560,AST,,,,2025-12-13,BKN,,
1630560,FG3M,,,,2025-12-13,BKN,,
1630560,PRA,,,,2025-12-13,BKN,,
1630567,PTS,,,,2025-12-13,TOR,,
1630567,REB,,,,2025-12-13,TOR,,
1630567,AST,,,,2025-12-13,TOR,,
1630567,FG3M,,,,2025-12-13,TOR,,
1630567,PRA,,,,2025-12-13,TOR,,
1630577,PTS,,,,2025-12-13,SAS,,
1630577,REB,,,,2025-12-13,SAS,,
1630577,AST,,,,2025-12-13,SAS,,
1630577,FG3M,,,,2025-12-13,SAS,,
1630577,PRA,,,,2025-12-13,SAS,,
1630578,PTS,,,,2025-12-13,HOU,,
1630578,REB,,,,2025-12-13,HOU,,
1630578,AST,,,,2025-12-13,HOU,,
1630578,FG3M,,,,2025-12-13,HOU,,
1630578,PRA,,,,2025-12-13,HOU,,
1630581,PTS,,,,2025-12-13,CHI,,
1630581,REB,,,,2025-12-13,CHI,,
1630581,AST,,,,2025-12-13,CHI,,
1630581,FG3M,,,,2025-12-13,CHI,,
1630581,PRA,,,,2025-12-13,CHI,,
1630583,PTS,,,,2025-12-13,MEM,,
1630583,REB,,,,2025-12-13,MEM,,
1630583,AST,,,,2025-12-13,MEM,,
1630583,FG3M,,,,2025-12-13,MEM,,
1630583,PRA,,,,2025-12-13,MEM,,
1630591,PTS,,,,2025-12-13,ORL,,
1630591,REB,,,,2025-12-13,ORL,,
1630591,AST,,,,2025-12-13,ORL,,
1630591,FG3M,,,,2025-12-13,ORL,,
1630591,PRA,,,,2025-12-13,ORL,,
1630595,PTS,,,,2025-12-13,DET,,
1630595,REB,,,,2025-12-13,DET,,
1630595,AST,,,,2025-12-13,DET,,
1630595,FG3M,,,,2025-12-13,DET,,
1630595,PRA,,,,2025-12-13,DET,,
1630596,PTS,,,,2025-12-13,CLE,,
1630596,REB,,,,2025-12-13,CLE,,
1630596,AST,,,,2025-12-13,CLE,,
1630596,FG3M,,,,2025-12-13,CLE,,
1630596,PRA,,,,2025-12-13,CLE,,
1630598,PTS,,,,2025-12-13,OKC,,
1630598,REB,,,,2025-12-13,OKC,,
1630598,AST,,,,2025-12-13,OKC,,
1630598,FG3M,,,,2025-12-13,OKC,,
1630598,PRA,,,,2025-12-13,OKC,,
1630700,PTS,,,,2025-12-13,ATL,,
1630700,REB,,,,2025-12-13,ATL,,
1630700,AST,,,,2025-12-13,ATL,,
1630700,FG3M,,,,2025-12-13,ATL,,
1630700,PRA,,,,2025-12-13,ATL,,
1631094,PTS,,,,2025-12-13,ORL,,
1631094,REB,,,,2025-12-13,ORL,,
1631094,AST,,,,2025-12-13,ORL,,
1631094,FG3M,,,,2025-12-13,ORL,,
1631094,PRA,,,,2025-12-13,ORL,,
1631095,PTS,,,,2025-12-13,HOU,,
1631095,REB,,,,2025-12-13,HOU,,
1631095,AST,,,,2025-12-13,HOU,,
1631095,FG3M,,,,2025-12-13,HOU,,
1631095,PRA,,,,2025-12-13,HOU,,
1631096,PTS,,,,2025-12-13,OKC,,
1631096,REB,,,,2025-12-13,OKC,,
1631096,AST,,,,2025-12-13,OKC,,
1631096,FG3M,,,,2025-12-13,OKC,,
1631096,PRA,,,,2025-12-13,OKC,,
1631097,PTS,,,,2025-12-13,IND,,
1631097,REB,,,,2025-12-13,IND,,
1631097,AST,,,,2025-12-13,IND,,
1631097,FG3M,,,,2025-12-13,IND,,
1631097,PRA,,,,2025-12-13,IND,,
1631099,PTS,,,,2025-12-13,SAC,,
1631099,REB,,,,2025-12-13,SAC,,
1631099,AST,,,,2025-12-13,SAC,,
1631099,FG3M,,,,2025-12-13,SAC,,
1631099,PRA,,,,2025-12-13,SAC,,
1631101,PTS,,,,2025-12-13,POR,,
1631101,REB,,,,2025-12-13,POR,,
1631101,AST,,,,2025-12-13,POR,,
1631101,FG3M,,,,2025-12-13,POR,,
1631101,PRA,,,,2025-12-13,POR,,
1631105,PTS,,,,2025-12-13,DET,,
1631105,REB,,,,2025-12-13,DET,,
1631105,AST,,,,2025-12-13,DET,,
1631105,FG3M,,,,2025-12-13,DET,,
1631105,PRA,,,,2025-12-13,DET,,
1631108,PTS,,,,2025-12-13,DAL,,
1631108,REB,,,,2025-12-13,DAL,,
1631108,AST,,,,2025-12-13,DAL,,
1631108,FG3M,,,,2025-12-13,DAL,,
1631108,PRA,,,,2025-12-13,DAL,,
1631114,PTS,,,,2025-12-13,OKC,,
1631114,REB,,,,2025-12-13,OKC,,
1631114,AST,,,,2025-12-13,OKC,,
1631114,FG3M,,,,2025-12-13,OKC,,
1631114,PRA,,,,2025-12-13,OKC,,
1631117,PTS,,,,2025-12-13,UTA,,
1631117,REB,,,,2025-12-13,UTA,,
1631117,AST,,,,2025-12-13,UTA,,
1631117,FG3M,,,,2025-12-13,UTA,,
1631117,PRA,,,,2025-12-13,UTA,,
1631128,PTS,,,,2025-12-13,DEN,,
1631128,REB,,,,2025-12-13,DEN,,
1631128,AST,,,,2025-12-13,DEN,,
1631128,FG3M,,,,2025-12-13,DEN,,
1631128,PRA,,,,2025-12-13,DEN,,
1631157,PTS,,,,2025-12-13,MIL,,
1631157,REB,,,,2025-12-13,MIL,,
1631157,AST,,,,2025-12-13,MIL,,
1631157,FG3M,,,,2025-12-13,MIL,,
1631157,PRA,,,,2025-12-13,MIL,,
1631170,PTS,,,,2025-12-13,MIA,,
1631170,REB,,,,2025-12-13,MIA,,
1631170,AST,,,,2025-12-13,MIA,,
1631170,FG3M,,,,2025-12-13,MIA,,
1631170,PRA,,,,2025-12-13,MIA,,
1631200,PTS,,,,2025-12-13,POR,,
1631200,REB,,,,2025-12-13,POR,,
1631200,AST,,,,2025-12-13,POR,,
1631200,FG3M,,,,2025-12-13,POR,,
1631200,PRA,,,,2025-12-13,POR,,
1631212,PTS,,,,2025-12-13,DEN,,
1631212,REB,,,,2025-12-13,DEN,,
1631212,AST,,,,2025-12-13,DEN,,
1631212,FG3M,,,,2025-12-13,DEN,,
1631212,PRA,,,,2025-12-13,DEN,,
1631221,PTS,,,,2025-12-13,PHX,,
1631221,REB,,,,2025-12-13,PHX,,
1631221,AST,,,,2025-12-13,PHX,,
1631221,FG3M,,,,2025-12-13,PHX,,
1631221,PRA,,,,2025-12-13,PHX,,
1631230,PTS,,,,2025-12-13,PHI,,
1631230,REB,,,,2025-12-13,PHI,,
1631230,AST,,,,2025-12-13,PHI,,
1631230,FG3M,,,,2025-12-13,PHI,,
1631230,PRA,,,,2025-12-13,PHI,,
1631260,PTS,,,,2025-12-13,MIL,,
1631260,REB,,,,2025-12-13,MIL,,
1631260,AST,,,,2025-12-13,MIL,,
1631260,FG3M,,,,2025-12-13,MIL,,
1631260,PRA,,,,2025-12-13,MIL,,
1641705,PTS,,,,2025-12-13,SAS,,
1641705,REB,,,,2025-12-13,SAS,,
1641705,AST,,,,2025-12-13,SAS,,
1641705,FG3M,,,,2025-12-13,SAS,,
1641705,PRA,,,,2025-12-13,SAS,,
1641706,PTS,,,,2025-12-13,CHA,,
1641706,REB,,,,2025-12-13,CHA,,
1641706,AST,,,,2025-12-13,CHA,,
1641706,FG3M,,,,2025-12-13,CHA,,
1641706,PRA,,,,2025-12-13,CHA,,
1641708,PTS,,,,2025-12-13,HOU,,
1641708,REB,,,,2025-12-13,HOU,,
1641708,AST,,,,2025-12-13,HOU,,
1641708,FG3M,,,,2025-12-13,HOU,,
1641708,PRA,,,,2025-12-13,HOU,,
1641709,PTS,,,,2025-12-13,DET,,
1641709,REB,,,,2025-12-13,DET,,
1641709,AST,,,,2025-12-13,DET,,
1641709,FG3M,,,,2025-12-13,DET,,
1641709,PRA,,,,2025-12-13,DET,,
1641710,PTS,,,,2025-12-13,ORL,,
1641710,REB,,,,2025-12-13,ORL,,
1641710,AST,,,,2025-12-13,ORL,,
1641710,FG3M,,,,2025-12-13,ORL,,
1641710,PRA,,,,2025-12-13,ORL,,
1641716,PTS,,,,2025-12-13,IND,,
1641716,REB,,,,2025-12-13,IND,,
1641716,AST,,,,2025-12-13,IND,,
1641716,FG3M,,,,2025-12-13,IND,,
1641716,PRA,,,,2025-12-13,IND,,
1641717,PTS,,,,2025-12-13,OKC,,
1641717,REB,,,,2025-12-13,OKC,,
1641717,AST,,,,2025-12-13,OKC,,
1641717,FG3M,,,,2025-12-13,OKC,,
1641717,PRA,,,,2025-12-13,OKC,,
1641718,PTS,,,,2025-12-13,UTA,,
1641718,REB,,,,2025-12-13,UTA,,
1641718,AST,,,,2025-12-13,UTA,,
1641718,FG3M,,,,2025-12-13,UTA,,
1641718,PRA,,,,2025-12-13,UTA,,
1641730,PTS,,,,2025-12-13,BKN,,
1641730,REB,,,,2025-12-13,BKN,,
1641730,AST,,,,2025-12-13,BKN,,
1641730,FG3M,,,,2025-12-13,BKN,,
1641730,PRA,,,,2025-12-13,BKN,,
1641731,PTS,,,,2025-12-13,WAS,,
1641731,REB,,,,2025-12-13,WAS,,
1641731,AST,,,,2025-12-13,WAS,,
1641731,FG3M,,,,2025-12-13,WAS,,
1641731,PRA,,,,2025-12-13,WAS,,
1641739,PTS,,,,2025-12-13,POR,,
1641739,REB,,,,2025-12-13,POR,,
1641739,AST,,,,2025-12-13,POR,,
1641739,FG3M,,,,2025-12-13,POR,,
1641739,PRA,,,,2025-12-13,POR,,
1641744,PTS,,,,2025-12-13,MEM,,
1641744,REB,,,,2025-12-13,MEM,,
1641744,AST,,,,2025-12-13,MEM,,
1641744,FG3M,,,,2025-12-13,MEM,,
1641744,PRA,,,,2025-12-13,MEM,,
1641750,PTS,,,,2025-12-13,CHA,,
1641750,REB,,,,2025-12-13,CHA,,
1641750,AST,,,,2025-12-13,CHA,,
1641750,FG3M,,,,2025-12-13,CHA,,
1641750,PRA,,,,2025-12-13,CHA,,
1641764,PTS,,,,2025-12-13,GSW,,
1641764,REB,,,,2025-12-13,GSW,,
1641764,AST,,,,2025-12-13,GSW,,
1641764,FG3M,,,,2025-12-13,GSW,,
1641764,PRA,,,,2025-12-13,GSW,,
1641824,PTS,,,,2025-12-13,CHI,,
1641824,REB,,,,2025-12-13,CHI,,
1641824,AST,,,,2025-12-13,CHI,,
1641824,FG3M,,,,2025-12-13,CHI,,
1641824,PRA,,,,2025-12-13,CHI,,
1642259,PTS,,,,2025-12-13,WAS,,
1642259,REB,,,,2025-12-13,WAS,,
1642259,AST,,,,2025-12-13,WAS,,
1642259,FG3M,,,,2025-12-13,WAS,,
1642259,PRA,,,,2025-12-13,WAS,,
1642264,PTS,,,,2025-12-13,SAS,,
1642264,REB,,,,2025-12-13,SAS,,
1642264,AST,,,,2025-12-13,SAS,,
1642264,FG3M,,,,2025-12-13,SAS,,
1642264,PRA,,,,2025-12-13,SAS,,
1642267,PTS,,,,2025-12-13,WAS,,
1642267,REB,,,,2025-12-13,WAS,,
1642267,AST,,,,2025-12-13,WAS,,
1642267,FG3M,,,,2025-12-13,WAS,,
1642267,PRA,,,,2025-12-13,WAS,,
1642270,PTS,,,,2025-12-13,POR,,
1642270,REB,,,,2025-12-13,POR,,
1642270,AST,,,,2025-12-13,POR,,
1642270,FG3M,,,,2025-12-13,POR,,
1642270,PRA,,,,2025-12-13,POR,,
1642273,PTS,,,,2025-12-13,WAS,,
1642273,REB,,,,2025-12-13,WAS,,
1642273,AST,,,,2025-12-13,WAS,,
1642273,FG3M,,,,2025-12-13,WAS,,
1642273,PRA,,,,2025-12-13,WAS,,
1642281,PTS,,,,2025-12-13,CLE,,
1642281,REB,,,,2025-12-13,CLE,,
1642281,AST,,,,2025-12-13,CLE,,
1642281,FG3M,,,,2025-12-13,CLE,,
1642281,PRA,,,,2025-12-13,CLE,,
1642349,PTS,,,,2025-12-13,OKC,,
1642349,REB,,,,2025-12-13,OKC,,
1642349,AST,,,,2025-12-13,OKC,,
1642349,FG3M,,,,2025-12-13,OKC,,
1642349,PRA,,,,2025-12-13,OKC,,
1642377,PTS,,,,2025-12-13,MEM,,
1642377,REB,,,,2025-12-13,MEM,,
1642377,AST,,,,2025-12-13,MEM,,
1642377,FG3M,,,,2025-12-13,MEM,,
1642377,PRA,,,,2025-12-13,MEM,,
1642843,PTS,,,,2025-12-13,DAL,,
1642843,REB,,,,2025-12-13,DAL,,
1642843,AST,,,,2025-12-13,DAL,,
1642843,FG3M,,,,2025-12-13,DAL,,
1642843,PRA,,,,2025-12-13,DAL,,
1642845,PTS,,,,2025-12-13,PHI,,
1642845,REB,,,,2025-12-13,PHI,,
1642845,AST,,,,2025-12-13,PHI,,
1642845,FG3M,,,,2025-12-13,PHI,,
1642845,PRA,,,,2025-12-13,PHI,,
1642847,PTS,,,,2025-12-13,NOP,,
1642847,REB,,,,2025-12-13,NOP,,
1642847,AST,,,,2025-12-13,NOP,,
1642847,FG3M,,,,2025-12-13,NOP,,
1642847,PRA,,,,2025-12-13,NOP,,
1642851,PTS,,,,2025-12-13,CHA,,
1642851,REB,,,,2025-12-13,CHA,,
1642851,AST,,,,2025-12-13,CHA,,
1642851,FG3M,,,,2025-12-13,CHA,,
1642851,PRA,,,,2025-12-13,CHA,,
1642852,PTS,,,,2025-12-13,NOP,,
1642852,REB,,,,2025-12-13,NOP,,
1642852,AST,,,,2025-12-13,NOP,,
1642852,FG3M,,,,2025-12-13,NOP,,
1642852,PRA,,,,2025-12-13,NOP,,
1642883,PTS,,,,2025-12-13,CHA,,
1642883,REB,,,,2025-12-13,CHA,,
1642883,AST,,,,2025-12-13,CHA,,
1642883,FG3M,,,,2025-12-13,CHA,,
1642883,PRA,,,,2025-12-13,CHA,,
1642907,PTS,,,,2025-12-13,MEM,,
1642907,REB,,,,2025-12-13,MEM,,
1642907,AST,,,,2025-12-13,MEM,,
1642907,FG3M,,,,2025-12-13,MEM,,
1642907,PRA,,,,2025-12-13,MEM,,
